date,price_cny,Year,Entity,Code,Electric cars sold
2021-10-09,181173,2021,China,CHN,3250000
2021-10-09,181173,2021,European Union (27),OWID_EU27,1760000
2021-10-09,181173,2021,United States,USA,630000
2021-10-09,181173,2021,World,OWID_WRL,6600000
2021-11-07,195878,2021,China,CHN,3250000
2021-11-07,195878,2021,European Union (27),OWID_EU27,1760000
2021-11-07,195878,2021,United States,USA,630000
2021-11-07,195878,2021,World,OWID_WRL,6600000
2021-11-28,206018,2021,China,CHN,3250000
2021-11-28,206018,2021,European Union (27),OWID_EU27,1760000
2021-11-28,206018,2021,United States,USA,630000
2021-11-28,206018,2021,World,OWID_WRL,6600000
2021-12-08,226091,2021,China,CHN,3250000
2021-12-08,226091,2021,European Union (27),OWID_EU27,1760000
2021-12-08,226091,2021,United States,USA,630000
2021-12-08,226091,2021,World,OWID_WRL,6600000
2021-12-15,243004,2021,China,CHN,3250000
2021-12-15,243004,2021,European Union (27),OWID_EU27,1760000
2021-12-15,243004,2021,United States,USA,630000
2021-12-15,243004,2021,World,OWID_WRL,6600000
2021-12-21,262361,2021,China,CHN,3250000
2021-12-21,262361,2021,European Union (27),OWID_EU27,1760000
2021-12-21,262361,2021,United States,USA,630000
2021-12-21,262361,2021,World,OWID_WRL,6600000
2021-12-28,279614,2021,China,CHN,3250000
2021-12-28,279614,2021,European Union (27),OWID_EU27,1760000
2021-12-28,279614,2021,United States,USA,630000
2021-12-28,279614,2021,World,OWID_WRL,6600000
2022-01-03,298576,2022,China,CHN,6000000
2022-01-03,298576,2022,European Union (27),OWID_EU27,1980000
2022-01-03,298576,2022,United States,USA,990000
2022-01-03,298576,2022,World,OWID_WRL,10200000
2022-01-09,319510,2022,China,CHN,6000000
2022-01-09,319510,2022,European Union (27),OWID_EU27,1980000
2022-01-09,319510,2022,United States,USA,990000
2022-01-09,319510,2022,World,OWID_WRL,10200000
2022-01-14,337429,2022,China,CHN,6000000
2022-01-14,337429,2022,European Union (27),OWID_EU27,1980000
2022-01-14,337429,2022,United States,USA,990000
2022-01-14,337429,2022,World,OWID_WRL,10200000
2022-01-18,357502,2022,China,CHN,6000000
2022-01-18,357502,2022,European Union (27),OWID_EU27,1980000
2022-01-18,357502,2022,United States,USA,990000
2022-01-18,357502,2022,World,OWID_WRL,10200000
2022-01-25,376325,2022,China,CHN,6000000
2022-01-25,376325,2022,European Union (27),OWID_EU27,1980000
2022-01-25,376325,2022,United States,USA,990000
2022-01-25,376325,2022,World,OWID_WRL,10200000
2022-02-01,393967,2022,China,CHN,6000000
2022-02-01,393967,2022,European Union (27),OWID_EU27,1980000
2022-02-01,393967,2022,United States,USA,990000
2022-02-01,393967,2022,World,OWID_WRL,10200000
2022-02-05,415137,2022,China,CHN,6000000
2022-02-05,415137,2022,European Union (27),OWID_EU27,1980000
2022-02-05,415137,2022,United States,USA,990000
2022-02-05,415137,2022,World,OWID_WRL,10200000
2022-02-09,437863,2022,China,CHN,6000000
2022-02-09,437863,2022,European Union (27),OWID_EU27,1980000
2022-02-09,437863,2022,United States,USA,990000
2022-02-09,437863,2022,World,OWID_WRL,10200000
2022-02-13,461269,2022,China,CHN,6000000
2022-02-13,461269,2022,European Union (27),OWID_EU27,1980000
2022-02-13,461269,2022,United States,USA,990000
2022-02-13,461269,2022,World,OWID_WRL,10200000
2022-02-18,483843,2022,China,CHN,6000000
2022-02-18,483843,2022,European Union (27),OWID_EU27,1980000
2022-02-18,483843,2022,United States,USA,990000
2022-02-18,483843,2022,World,OWID_WRL,10200000
2022-03-09,495928,2022,China,CHN,6000000
2022-03-09,495928,2022,European Union (27),OWID_EU27,1980000
2022-03-09,495928,2022,United States,USA,990000
2022-03-09,495928,2022,World,OWID_WRL,10200000
2022-04-02,489483,2022,China,CHN,6000000
2022-04-02,489483,2022,European Union (27),OWID_EU27,1980000
2022-04-02,489483,2022,United States,USA,990000
2022-04-02,489483,2022,World,OWID_WRL,10200000
2022-04-18,469552,2022,China,CHN,6000000
2022-04-18,469552,2022,European Union (27),OWID_EU27,1980000
2022-04-18,469552,2022,United States,USA,990000
2022-04-18,469552,2022,World,OWID_WRL,10200000
2022-05-08,460049,2022,China,CHN,6000000
2022-05-08,460049,2022,European Union (27),OWID_EU27,1980000
2022-05-08,460049,2022,United States,USA,990000
2022-05-08,460049,2022,World,OWID_WRL,10200000
2022-06-06,474258,2022,China,CHN,6000000
2022-06-06,474258,2022,European Union (27),OWID_EU27,1980000
2022-06-06,474258,2022,United States,USA,990000
2022-06-06,474258,2022,World,OWID_WRL,10200000
2022-07-04,475766,2022,China,CHN,6000000
2022-07-04,475766,2022,European Union (27),OWID_EU27,1980000
2022-07-04,475766,2022,United States,USA,990000
2022-07-04,475766,2022,World,OWID_WRL,10200000
2022-08-02,478147,2022,China,CHN,6000000
2022-08-02,478147,2022,European Union (27),OWID_EU27,1980000
2022-08-02,478147,2022,United States,USA,990000
2022-08-02,478147,2022,World,OWID_WRL,10200000
2022-08-31,494539,2022,China,CHN,6000000
2022-08-31,494539,2022,European Union (27),OWID_EU27,1980000
2022-08-31,494539,2022,United States,USA,990000
2022-08-31,494539,2022,World,OWID_WRL,10200000
2022-09-22,507243,2022,China,CHN,6000000
2022-09-22,507243,2022,European Union (27),OWID_EU27,1980000
2022-09-22,507243,2022,United States,USA,990000
2022-09-22,507243,2022,World,OWID_WRL,10200000
2022-10-01,527947,2022,China,CHN,6000000
2022-10-01,527947,2022,European Union (27),OWID_EU27,1980000
2022-10-01,527947,2022,United States,USA,990000
2022-10-01,527947,2022,World,OWID_WRL,10200000
2022-10-08,546075,2022,China,CHN,6000000
2022-10-08,546075,2022,European Union (27),OWID_EU27,1980000
2022-10-08,546075,2022,United States,USA,990000
2022-10-08,546075,2022,World,OWID_WRL,10200000
2022-10-27,565175,2022,China,CHN,6000000
2022-10-27,565175,2022,European Union (27),OWID_EU27,1980000
2022-10-27,565175,2022,United States,USA,990000
2022-10-27,565175,2022,World,OWID_WRL,10200000
2022-11-05,577898,2022,China,CHN,6000000
2022-11-05,577898,2022,European Union (27),OWID_EU27,1980000
2022-11-05,577898,2022,United States,USA,990000
2022-11-05,577898,2022,World,OWID_WRL,10200000
2022-10-31,590666,2022,China,CHN,6000000
2022-10-31,590666,2022,European Union (27),OWID_EU27,1980000
2022-10-31,590666,2022,United States,USA,990000
2022-10-31,590666,2022,World,OWID_WRL,10200000
2022-11-26,564535,2022,China,CHN,6000000
2022-11-26,564535,2022,European Union (27),OWID_EU27,1980000
2022-11-26,564535,2022,United States,USA,990000
2022-11-26,564535,2022,World,OWID_WRL,10200000
2022-12-11,543575,2022,China,CHN,6000000
2022-12-11,543575,2022,European Union (27),OWID_EU27,1980000
2022-12-11,543575,2022,United States,USA,990000
2022-12-11,543575,2022,World,OWID_WRL,10200000
2022-12-18,525489,2022,China,CHN,6000000
2022-12-18,525489,2022,European Union (27),OWID_EU27,1980000
2022-12-18,525489,2022,United States,USA,990000
2022-12-18,525489,2022,World,OWID_WRL,10200000
2022-12-25,508486,2022,China,CHN,6000000
2022-12-25,508486,2022,European Union (27),OWID_EU27,1980000
2022-12-25,508486,2022,United States,USA,990000
2022-12-25,508486,2022,World,OWID_WRL,10200000
2023-01-01,488913,2023,China,CHN,8200000
2023-01-01,488913,2023,European Union (27),OWID_EU27,2420000
2023-01-01,488913,2023,United States,USA,1390000
2023-01-01,488913,2023,World,OWID_WRL,13700000
2023-01-12,473332,2023,China,CHN,8200000
2023-01-12,473332,2023,European Union (27),OWID_EU27,2420000
2023-01-12,473332,2023,United States,USA,1390000
2023-01-12,473332,2023,World,OWID_WRL,13700000
2023-01-23,453203,2023,China,CHN,8200000
2023-01-23,453203,2023,European Union (27),OWID_EU27,2420000
2023-01-23,453203,2023,United States,USA,1390000
2023-01-23,453203,2023,World,OWID_WRL,13700000
2023-01-30,434390,2023,China,CHN,8200000
2023-01-30,434390,2023,European Union (27),OWID_EU27,2420000
2023-01-30,434390,2023,United States,USA,1390000
2023-01-30,434390,2023,World,OWID_WRL,13700000
2023-02-04,411767,2023,China,CHN,8200000
2023-02-04,411767,2023,European Union (27),OWID_EU27,2420000
2023-02-04,411767,2023,United States,USA,1390000
2023-02-04,411767,2023,World,OWID_WRL,13700000
2023-02-08,387549,2023,China,CHN,8200000
2023-02-08,387549,2023,European Union (27),OWID_EU27,2420000
2023-02-08,387549,2023,United States,USA,1390000
2023-02-08,387549,2023,World,OWID_WRL,13700000
2023-02-12,369296,2023,China,CHN,8200000
2023-02-12,369296,2023,European Union (27),OWID_EU27,2420000
2023-02-12,369296,2023,United States,USA,1390000
2023-02-12,369296,2023,World,OWID_WRL,13700000
2023-02-18,349272,2023,China,CHN,8200000
2023-02-18,349272,2023,European Union (27),OWID_EU27,2420000
2023-02-18,349272,2023,United States,USA,1390000
2023-02-18,349272,2023,World,OWID_WRL,13700000
2023-02-24,330206,2023,China,CHN,8200000
2023-02-24,330206,2023,European Union (27),OWID_EU27,2420000
2023-02-24,330206,2023,United States,USA,1390000
2023-02-24,330206,2023,World,OWID_WRL,13700000
2023-03-01,310515,2023,China,CHN,8200000
2023-03-01,310515,2023,European Union (27),OWID_EU27,2420000
2023-03-01,310515,2023,United States,USA,1390000
2023-03-01,310515,2023,World,OWID_WRL,13700000
2023-03-05,291172,2023,China,CHN,8200000
2023-03-05,291172,2023,European Union (27),OWID_EU27,2420000
2023-03-05,291172,2023,United States,USA,1390000
2023-03-05,291172,2023,World,OWID_WRL,13700000
2023-03-08,271363,2023,China,CHN,8200000
2023-03-08,271363,2023,European Union (27),OWID_EU27,2420000
2023-03-08,271363,2023,United States,USA,1390000
2023-03-08,271363,2023,World,OWID_WRL,13700000
2023-03-12,250818,2023,China,CHN,8200000
2023-03-12,250818,2023,European Union (27),OWID_EU27,2420000
2023-03-12,250818,2023,United States,USA,1390000
2023-03-12,250818,2023,World,OWID_WRL,13700000
2023-03-18,228210,2023,China,CHN,8200000
2023-03-18,228210,2023,European Union (27),OWID_EU27,2420000
2023-03-18,228210,2023,United States,USA,1390000
2023-03-18,228210,2023,World,OWID_WRL,13700000
2023-03-26,209977,2023,China,CHN,8200000
2023-03-26,209977,2023,European Union (27),OWID_EU27,2420000
2023-03-26,209977,2023,United States,USA,1390000
2023-03-26,209977,2023,World,OWID_WRL,13700000
2023-04-12,189724,2023,China,CHN,8200000
2023-04-12,189724,2023,European Union (27),OWID_EU27,2420000
2023-04-12,189724,2023,United States,USA,1390000
2023-04-12,189724,2023,World,OWID_WRL,13700000
2023-04-12,177036,2023,China,CHN,8200000
2023-04-12,177036,2023,European Union (27),OWID_EU27,2420000
2023-04-12,177036,2023,United States,USA,1390000
2023-04-12,177036,2023,World,OWID_WRL,13700000
2023-04-29,208302,2023,China,CHN,8200000
2023-04-29,208302,2023,European Union (27),OWID_EU27,2420000
2023-04-29,208302,2023,United States,USA,1390000
2023-04-29,208302,2023,World,OWID_WRL,13700000
2023-05-02,230308,2023,China,CHN,8200000
2023-05-02,230308,2023,European Union (27),OWID_EU27,2420000
2023-05-02,230308,2023,United States,USA,1390000
2023-05-02,230308,2023,World,OWID_WRL,13700000
2023-05-05,256777,2023,China,CHN,8200000
2023-05-05,256777,2023,European Union (27),OWID_EU27,2420000
2023-05-05,256777,2023,United States,USA,1390000
2023-05-05,256777,2023,World,OWID_WRL,13700000
2023-05-09,276983,2023,China,CHN,8200000
2023-05-09,276983,2023,European Union (27),OWID_EU27,2420000
2023-05-09,276983,2023,United States,USA,1390000
2023-05-09,276983,2023,World,OWID_WRL,13700000
2023-05-18,298742,2023,China,CHN,8200000
2023-05-18,298742,2023,European Union (27),OWID_EU27,2420000
2023-05-18,298742,2023,United States,USA,1390000
2023-05-18,298742,2023,World,OWID_WRL,13700000
2023-06-09,310441,2023,China,CHN,8200000
2023-06-09,310441,2023,European Union (27),OWID_EU27,2420000
2023-06-09,310441,2023,United States,USA,1390000
2023-06-09,310441,2023,World,OWID_WRL,13700000
2023-07-02,303695,2023,China,CHN,8200000
2023-07-02,303695,2023,European Union (27),OWID_EU27,2420000
2023-07-02,303695,2023,United States,USA,1390000
2023-07-02,303695,2023,World,OWID_WRL,13700000
2023-07-14,279364,2023,China,CHN,8200000
2023-07-14,279364,2023,European Union (27),OWID_EU27,2420000
2023-07-14,279364,2023,United States,USA,1390000
2023-07-14,279364,2023,World,OWID_WRL,13700000
2023-07-24,263621,2023,China,CHN,8200000
2023-07-24,263621,2023,European Union (27),OWID_EU27,2420000
2023-07-24,263621,2023,United States,USA,1390000
2023-07-24,263621,2023,World,OWID_WRL,13700000
2023-08-01,244608,2023,China,CHN,8200000
2023-08-01,244608,2023,European Union (27),OWID_EU27,2420000
2023-08-01,244608,2023,United States,USA,1390000
2023-08-01,244608,2023,World,OWID_WRL,13700000
2023-08-07,223521,2023,China,CHN,8200000
2023-08-07,223521,2023,European Union (27),OWID_EU27,2420000
2023-08-07,223521,2023,United States,USA,1390000
2023-08-07,223521,2023,World,OWID_WRL,13700000
2023-08-20,207231,2023,China,CHN,8200000
2023-08-20,207231,2023,European Union (27),OWID_EU27,2420000
2023-08-20,207231,2023,United States,USA,1390000
2023-08-20,207231,2023,World,OWID_WRL,13700000
2023-09-01,192683,2023,China,CHN,8200000
2023-09-01,192683,2023,European Union (27),OWID_EU27,2420000
2023-09-01,192683,2023,United States,USA,1390000
2023-09-01,192683,2023,World,OWID_WRL,13700000
2023-09-20,170834,2023,China,CHN,8200000
2023-09-20,170834,2023,European Union (27),OWID_EU27,2420000
2023-09-20,170834,2023,United States,USA,1390000
2023-09-20,170834,2023,World,OWID_WRL,13700000
2023-10-14,161755,2023,China,CHN,8200000
2023-10-14,161755,2023,European Union (27),OWID_EU27,2420000
2023-10-14,161755,2023,United States,USA,1390000
2023-10-14,161755,2023,World,OWID_WRL,13700000
2023-10-30,142443,2023,China,CHN,8200000
2023-10-30,142443,2023,European Union (27),OWID_EU27,2420000
2023-10-30,142443,2023,United States,USA,1390000
2023-10-30,142443,2023,World,OWID_WRL,13700000
2023-11-10,123386,2023,China,CHN,8200000
2023-11-10,123386,2023,European Union (27),OWID_EU27,2420000
2023-11-10,123386,2023,United States,USA,1390000
2023-11-10,123386,2023,World,OWID_WRL,13700000
2023-11-29,99810,2023,China,CHN,8200000
2023-11-29,99810,2023,European Union (27),OWID_EU27,2420000
2023-11-29,99810,2023,United States,USA,1390000
2023-11-29,99810,2023,World,OWID_WRL,13700000
2023-12-28,95960,2023,China,CHN,8200000
2023-12-28,95960,2023,European Union (27),OWID_EU27,2420000
2023-12-28,95960,2023,United States,USA,1390000
2023-12-28,95960,2023,World,OWID_WRL,13700000
2024-01-25,96635,2024,China,CHN,11300000
2024-01-25,96635,2024,European Union (27),OWID_EU27,2270000
2024-01-25,96635,2024,United States,USA,1520000
2024-01-25,96635,2024,World,OWID_WRL,17500000
2024-02-20,105585,2024,China,CHN,11300000
2024-02-20,105585,2024,European Union (27),OWID_EU27,2270000
2024-02-20,105585,2024,United States,USA,1520000
2024-02-20,105585,2024,World,OWID_WRL,17500000
2024-03-16,111141,2024,China,CHN,11300000
2024-03-16,111141,2024,European Union (27),OWID_EU27,2270000
2024-03-16,111141,2024,United States,USA,1520000
2024-03-16,111141,2024,World,OWID_WRL,17500000
2024-04-14,110625,2024,China,CHN,11300000
2024-04-14,110625,2024,European Union (27),OWID_EU27,2270000
2024-04-14,110625,2024,United States,USA,1520000
2024-04-14,110625,2024,World,OWID_WRL,17500000
2024-05-13,105605,2024,China,CHN,11300000
2024-05-13,105605,2024,European Union (27),OWID_EU27,2270000
2024-05-13,105605,2024,United States,USA,1520000
2024-05-13,105605,2024,World,OWID_WRL,17500000
2024-06-10,94909,2024,China,CHN,11300000
2024-06-10,94909,2024,European Union (27),OWID_EU27,2270000
2024-06-10,94909,2024,United States,USA,1520000
2024-06-10,94909,2024,World,OWID_WRL,17500000
2024-07-09,86891,2024,China,CHN,11300000
2024-07-09,86891,2024,European Union (27),OWID_EU27,2270000
2024-07-09,86891,2024,United States,USA,1520000
2024-07-09,86891,2024,World,OWID_WRL,17500000
2024-08-07,75719,2024,China,CHN,11300000
2024-08-07,75719,2024,European Union (27),OWID_EU27,2270000
2024-08-07,75719,2024,United States,USA,1520000
2024-08-07,75719,2024,World,OWID_WRL,17500000
2024-09-05,73318,2024,China,CHN,11300000
2024-09-05,73318,2024,European Union (27),OWID_EU27,2270000
2024-09-05,73318,2024,United States,USA,1520000
2024-09-05,73318,2024,World,OWID_WRL,17500000
2024-10-03,73079,2024,China,CHN,11300000
2024-10-03,73079,2024,European Union (27),OWID_EU27,2270000
2024-10-03,73079,2024,United States,USA,1520000
2024-10-03,73079,2024,World,OWID_WRL,17500000
2024-11-01,77287,2024,China,CHN,11300000
2024-11-01,77287,2024,European Union (27),OWID_EU27,2270000
2024-11-01,77287,2024,United States,USA,1520000
2024-11-01,77287,2024,World,OWID_WRL,17500000
2024-11-30,76552,2024,China,CHN,11300000
2024-11-30,76552,2024,European Union (27),OWID_EU27,2270000
2024-11-30,76552,2024,United States,USA,1520000
2024-11-30,76552,2024,World,OWID_WRL,17500000
2024-12-28,76532,2024,China,CHN,11300000
2024-12-28,76532,2024,European Union (27),OWID_EU27,2270000
2024-12-28,76532,2024,United States,USA,1520000
2024-12-28,76532,2024,World,OWID_WRL,17500000
2025-01-27,77267,2025,China,CHN,13300000
2025-01-27,77267,2025,European Union (27),OWID_EU27,2900000
2025-01-27,77267,2025,United States,USA,1530000
2025-01-27,77267,2025,World,OWID_WRL,21200000
2025-02-25,75223,2025,China,CHN,13300000
2025-02-25,75223,2025,European Union (27),OWID_EU27,2900000
2025-02-25,75223,2025,United States,USA,1530000
2025-02-25,75223,2025,World,OWID_WRL,21200000
2025-03-25,73218,2025,China,CHN,13300000
2025-03-25,73218,2025,European Union (27),OWID_EU27,2900000
2025-03-25,73218,2025,United States,USA,1530000
2025-03-25,73218,2025,World,OWID_WRL,21200000
2025-04-23,67801,2025,China,CHN,13300000
2025-04-23,67801,2025,European Union (27),OWID_EU27,2900000
2025-04-23,67801,2025,United States,USA,1530000
2025-04-23,67801,2025,World,OWID_WRL,21200000
2025-05-22,61709,2025,China,CHN,13300000
2025-05-22,61709,2025,European Union (27),OWID_EU27,2900000
2025-05-22,61709,2025,United States,USA,1530000
2025-05-22,61709,2025,World,OWID_WRL,21200000
2025-06-20,61709,2025,China,CHN,13300000
2025-06-20,61709,2025,European Union (27),OWID_EU27,2900000
2025-06-20,61709,2025,United States,USA,1530000
2025-06-20,61709,2025,World,OWID_WRL,21200000
2025-07-18,69984,2025,China,CHN,13300000
2025-07-18,69984,2025,European Union (27),OWID_EU27,2900000
2025-07-18,69984,2025,United States,USA,1530000
2025-07-18,69984,2025,World,OWID_WRL,21200000
2025-08-16,80323,2025,China,CHN,13300000
2025-08-16,80323,2025,European Union (27),OWID_EU27,2900000
2025-08-16,80323,2025,United States,USA,1530000
2025-08-16,80323,2025,World,OWID_WRL,21200000
2025-09-14,73715,2025,China,CHN,13300000
2025-09-14,73715,2025,European Union (27),OWID_EU27,2900000
2025-09-14,73715,2025,United States,USA,1530000
2025-09-14,73715,2025,World,OWID_WRL,21200000
2025-10-13,75203,2025,China,CHN,13300000
2025-10-13,75203,2025,European Union (27),OWID_EU27,2900000
2025-10-13,75203,2025,United States,USA,1530000
2025-10-13,75203,2025,World,OWID_WRL,21200000
2025-11-10,86653,2025,China,CHN,13300000
2025-11-10,86653,2025,European Union (27),OWID_EU27,2900000
2025-11-10,86653,2025,United States,USA,1530000
2025-11-10,86653,2025,World,OWID_WRL,21200000
2025-12-08,97021,2025,China,CHN,13300000
2025-12-08,97021,2025,European Union (27),OWID_EU27,2900000
2025-12-08,97021,2025,United States,USA,1530000
2025-12-08,97021,2025,World,OWID_WRL,21200000
2025-12-27,117566,2025,China,CHN,13300000
2025-12-27,117566,2025,European Union (27),OWID_EU27,2900000
2025-12-27,117566,2025,United States,USA,1530000
2025-12-27,117566,2025,World,OWID_WRL,21200000
